Firstname,Lastname,Age,MaiIId,Password
priya,V,21,priyakumar110820@gmail.com,Dhars01
dharshini,M,20,dharshini18@gmail.com,Priya02
kishore,N,22,kishore22@gmail.com,Kishore03
midhun,V,20,midhunv0718@gmail.com,Miracle07
shobika,R,22,shobi01@gmail.com,Shobika08
nachammai,N,21,nachammai2001@gmail.com,Nachu06
nethra,V,18,nethra2007@gmail.com,Nethu09
praveen,M,17,praveen2000@gmail.com,Raja10
hari,R,24,hariharan@gmail.com,Hari24
monisha,D,19,monisha2007@gmail.com,Moni100
